Date,Futures Yield (corey)
19991231,100
20000131,106.1585193
20000229,109.6305005
20000331,105.8530216
20000428,109.2574009
20000531,118.4141374
20000630,118.1601647
20000731,117.7648939
20000831,123.8450396
20000929,126.9770859
20001031,127.4097357
20001130,130.0991929
20001229,126.4953415
20010131,124.2354962
20010228,122.9498121
20010330,122.3662873
20010430,122.0340914
20010531,120.0426851
20010629,121.7193282
20010731,124.9850116
20010831,130.4233527
20010928,131.0679638
20011031,137.5557304
20011130,134.1325065
20011231,131.7461511
20020131,128.1542261
20020228,128.4732622
20020329,125.9857088
20020430,132.0770733
20020531,135.120516
20020628,142.5379558
20020731,146.7493032
20020830,155.9887631
20020930,159.3912138
20021031,155.2144895
20021129,152.8528225
20021231,165.4735696
20030131,174.5540064
20030228,190.7078966
20030331,179.4508887
20030430,182.4523675
20030530,200.0097569
20030630,200.0513969
20030731,183.875739
20030829,183.720123
20030930,191.0219394
20031031,192.1826517
20031128,192.5586619
20031231,208.3136724
20040130,222.8510296
20040227,241.8606398
20040331,241.7167361
20040430,231.1516652
20040531,235.3458881
20040630,230.3949686
20040730,240.0947893
20040831,239.635666
20040930,250.0378285
20041029,247.5675069
20041130,239.9614369
20041231,240.4962949
20050131,246.6773457
20050228,248.086279
20050331,254.790164
20050429,256.2117178
20050531,262.2589525
20050630,262.9835276
20050729,264.9659349
20050831,264.2713509
20050930,268.1807381
20051031,271.3927445
20051130,277.3111796
20051230,275.7430226
20060131,266.6158254
20060228,278.6583267
20060331,287.1014521
20060428,278.4106213
20060531,281.140164
20060630,285.2036205
20060731,285.9910922
20060831,283.5096985
20060929,294.6651604
20061031,294.7304563
20061130,288.7549027
20061229,305.0176011
20070131,307.8519457
20070228,299.420262
20070330,301.1676877
20070430,303.9658628
20070531,294.9027323
20070629,303.1524279
20070731,308.2294105
20070831,302.9056009
20070928,316.7325871
20071031,336.4717188
20071130,340.2690315
20071231,337.6163564
20080131,339.1560956
20080229,349.4500139
20080331,353.9637637
20080430,358.2339929
20080530,360.6900491
20080630,374.750287
20080731,368.332459
20080829,359.9870315
20080930,363.9542614
20081031,366.6219703
20081128,405.7810576
20081231,453.6080041
20090130,426.5680913
20090227,423.4103171
20090331,438.7868438
20090430,434.4767716
20090529,417.6524951
20090630,415.8053168
20090731,436.2606716
20090831,465.065638
20090930,485.4782255
20091030,483.6975463
20091130,520.9391516
20091231,488.707715
20100129,495.5832574
20100226,500.2984675
20100331,523.0054426
20100430,539.9758289
20100531,555.1735388
20100630,555.0524801
20100730,579.4518453
20100831,594.6696034
20100930,625.370531
20101029,633.839876
20101130,596.6745916
20101231,595.0755054
20110131,592.7344821
20110228,617.1957367
20110331,618.303705
20110429,680.8147177
20110531,664.2083843
20110630,653.2067483
20110729,678.2017397
20110831,676.444134
20110930,687.4602601
20111031,717.9239066
20111130,732.5856774
20111230,766.418856
20120131,808.4906275
20120229,834.4320224
20120330,838.5427402
20120430,855.5210799
20120531,852.7845876
20120629,858.9176745
20120731,891.61525
20120831,922.8579868
20120928,914.7134897
20121031,898.4363172
20121130,904.1853677
20121231,918.0120936
20130131,929.3058294
20130228,940.5886599
20130329,987.7899877
20130430,1013.923768
20130531,943.3072939
20130628,884.1105608
20130731,926.5030782
20130830,903.316181
20130930,915.6148838
20131031,934.8290684
20131129,916.5627321
20131231,898.7275921
20140131,919.6931751
20140228,948.2563877
20140331,936.3577699
20140430,959.2217464
20140530,984.5110264
20140630,1002.726237
20140731,998.2423523
20140829,1042.603355
20140930,1060.54672
20141031,1075.098488
20141128,1125.158917
20141231,1161.482069
20150130,1197.711709
20150227,1178.012856
20150331,1190.088198
20150430,1153.751679
20150529,1160.175351
20150630,1132.509639
20150731,1198.398121
20150831,1143.748575
20150930,1153.035987
20151030,1164.717402
20151130,1220.773729
20151231,1242.410329
20160129,1280.719225
20160229,1306.229091
20160331,1286.627412
20160429,1246.82056
20160531,1278.534817
20160630,1241.033699
20160729,1270.466119
20160831,1291.665561
20160930,1274.667218
20161031,1308.165291
20161130,1272.607749
20161230,1328.338983
20170131,1264.552958
20170228,1293.16477
20170331,1276.496692
20170428,1287.664762
20170531,1262.75438
20170630,1227.721683
20170731,1186.928931
20170831,1192.654361
20170929,1221.550283
20171031,1249.986398
20171130,1216.382595
20171229,1212.777053
20180131,1158.934321
20180228,1149.043548
20180330,1172.562947
20180430,1228.415343
20180531,1276.71073
20180629,1318.890824
20180731,1317.099729
20180831,1322.894823
20180928,1361.52058
20181031,1405.07258
20181130,1481.130415
20181231,1444.419167
20190131,1410.064311
20190228,1427.748649
20190329,1461.933747
20190430,1524.801837
20190531,1445.090453
20190628,1487.856323
20190731,1505.486443
20190830,1497.757261
20190930,1513.93735
20191031,1495.209495
20191129,1508.668829
20191231,1508.428894
20200131,1491.752739
20200228,1428.398263
20200331,1371.768008
20200430,1388.96786
20200529,1376.461927
20200630,1366.670748
20200731,1337.01519
20200831,1326.962615
20200930,1336.977595
20201030,1303.613373
20201130,1346.108379
20201231,1360.961841
20210129,1352.574716
20210226,1371.628252
20210331,1372.392551
20210430,1411.430263
20210531,1460.061439
20210630,1515.503039
20210730,1551.003734
20210831,1546.397949
20210930,1574.142707
20211029,1603.185403
20211130,1518.535554
20211231,1555.03873
20220131,1595.630434
20220228,1588.122626
20220331,1651.319948
20220429,1765.453425
20220531,1825.510249
20220630,1818.627283
20220729,1824.202414
20220831,1904.815203
20220930,1990.873479
20221031,2069.481749
20221130,1939.345442
20221230,1923.642775
20230131,1853.845226
20230228,1933.344388
20230331,1891.388323
20230428,1911.87962
20230531,1991.600671
20230630,2024.899933
20230731,2060.371063
20230831,2134.490015
20230929,2324.97759
20231031,2309.967297
20231130,2202.731669
20231229,2084.572199
20240131,2116.265963
20240229,2148.610888
20240329,2162.533897
20240430,2206.040209
20240531,2110.795397
20240628,2144.092618
20240731,2079.686514
20240830,2028.486063
20240930,2000.572952
20241031,1919.911153
20241129,1949.509332
20241231,1963.396997
20250131,1911.042377
20250228,1907.011316
20250331,1841.41381
20250430,1732.282539
20250530,1696.889847
20250630,1723.654817
20250731,1755.027435
20250829,1744.346295
20250930,1758.662692
20251031,1781.48901
20251128,1794.688459
20251231,1733.623173
