Date,33.34% MF CTA / 33.33% Merger Arb / 33.33% Gold (Level)
1999-11-30,100.0
1999-12-31,100.490593
2000-01-31,101.032482
2000-02-29,103.278146
2000-03-31,100.513685
2000-04-28,101.806336
2000-05-31,103.055165
2000-06-30,105.131545
2000-07-31,103.63471
2000-08-31,105.025739
2000-09-29,104.323414
2000-10-31,104.101755
2000-11-30,108.161748
2000-12-29,112.292529
2001-01-31,112.097739
2001-02-28,112.713941
2001-03-30,114.358856
2001-04-30,113.735037
2001-05-31,114.793433
2001-06-29,114.384174
2001-07-31,114.227608
2001-08-31,116.68599
2001-09-28,120.797112
2001-10-31,121.616179
2001-11-30,118.203396
2001-12-31,119.270466
2002-01-31,120.638101
2002-02-28,121.26687
2002-03-29,123.994285
2002-04-30,124.327352
2002-05-31,127.355834
2002-06-28,129.298701
2002-07-31,130.766461
2002-08-30,133.613281
2002-09-30,137.708082
2002-10-31,134.764153
2002-11-29,133.481769
2002-12-31,142.104231
2003-01-31,147.530285
2003-02-28,148.350581
2003-03-31,144.195421
2003-04-30,145.952508
2003-05-30,156.874771
2003-06-30,153.385515
2003-07-31,153.781509
2003-08-29,157.755305
2003-09-30,161.38847
2003-10-31,162.396754
2003-11-28,163.991946
2003-12-31,169.02384
2004-01-30,169.497647
2004-02-27,172.116874
2004-03-31,176.022657
2004-04-30,166.065943
2004-05-31,167.020866
2004-06-30,164.855508
2004-07-30,163.348897
2004-08-31,167.654322
2004-09-30,170.20804
2004-10-29,174.351568
2004-11-30,182.561636
2004-12-31,183.150706
2005-01-31,178.074277
2005-02-28,181.094149
2005-03-31,179.998369
2005-04-29,178.925563
2005-05-31,179.935173
2005-06-30,184.94575
2005-07-29,184.76748
2005-08-31,186.502124
2005-09-30,191.391434
2005-10-31,189.786508
2005-11-30,195.255949
2005-12-30,198.855315
2006-01-31,209.127866
2006-02-28,207.44648
2006-03-31,213.030537
2006-04-28,226.108119
2006-05-31,224.638
2006-06-30,222.542264
2006-07-31,225.059072
2006-08-31,223.720983
2006-09-29,220.825475
2006-10-31,225.556477
2006-11-30,234.025875
2006-12-29,236.84694
2007-01-31,245.200579
2007-02-28,255.80179
2007-03-30,254.361299
2007-04-30,259.89563
2007-05-31,262.61141
2007-06-29,268.736852
2007-07-31,279.516251
2007-08-31,279.454875
2007-09-28,294.956104
2007-10-31,310.779491
2007-11-30,309.44064
2007-12-31,318.135792
2008-01-31,334.819533
2008-02-29,352.355035
2008-03-31,346.021644
2008-04-30,337.911609
2008-05-30,344.016482
2008-06-30,353.715633
2008-07-31,346.38017
2008-08-29,336.157298
2008-09-30,340.90699
2008-10-31,328.410847
2008-11-28,349.410561
2008-12-31,365.265603
2009-01-30,375.081146
2009-02-27,377.506015
2009-03-31,368.876875
2009-04-30,357.702347
2009-05-29,374.648123
2009-06-30,368.016825
2009-07-31,371.755808
2009-08-31,374.984421
2009-09-30,386.059902
2009-10-30,388.743502
2009-11-30,410.375841
2009-12-31,399.149827
2010-01-29,394.867052
2010-02-26,402.521725
2010-03-31,410.346601
2010-04-30,422.95575
2010-05-31,421.50488
2010-06-30,423.562289
2010-07-30,420.356628
2010-08-31,434.008031
2010-09-30,447.825111
2010-10-29,461.851956
2010-11-30,458.223294
2010-12-31,474.806671
2011-01-31,466.479295
2011-02-28,481.393171
2011-03-31,480.892663
2011-04-29,505.901243
2011-05-31,499.10695
2011-06-30,485.955582
2011-07-29,502.635595
2011-08-31,520.126459
2011-09-30,492.403368
2011-10-31,500.227877
2011-11-30,504.172486
2011-12-30,488.4955
2012-01-31,510.647538
2012-02-29,511.227458
2012-03-30,507.178064
2012-04-30,507.273339
2012-05-31,501.320641
2012-06-29,497.755195
2012-07-31,506.07249
2012-08-31,512.541616
2012-09-28,517.823298
2012-10-31,506.635251
2012-11-30,508.240438
2012-12-31,509.001648
2013-01-31,511.385256
2013-02-28,505.616935
2013-03-29,511.722303
2013-04-30,505.53064
2013-05-31,491.745092
2013-06-28,469.381518
2013-07-31,481.668314
2013-08-30,488.615449
2013-09-30,483.228908
2013-10-31,487.434931
2013-11-29,483.58738
2013-12-31,479.403715
2014-01-31,485.556683
2014-02-28,499.824279
2014-03-31,490.635881
2014-04-30,494.153825
2014-05-30,493.816357
2014-06-30,508.800408
2014-07-31,501.150551
2014-08-29,509.368573
2014-09-30,503.648739
2014-10-31,494.426203
2014-11-28,504.968948
2014-12-31,512.014237
2015-01-30,535.284333
2015-02-27,529.467889
2015-03-31,530.808856
2015-04-30,527.547649
2015-05-29,532.619212
2015-06-30,520.987392
2015-07-31,515.346201
2015-08-31,515.707332
2015-09-30,513.597551
2015-10-30,517.761902
2015-11-30,513.101326
2015-12-31,512.168763
2016-01-29,527.759824
2016-02-29,552.550682
2016-03-31,545.628444
2016-04-29,545.773749
2016-05-31,536.048095
2016-06-30,557.596855
2016-07-29,565.723683
2016-08-31,557.744108
2016-09-30,558.482026
2016-10-31,543.127391
2016-11-30,530.394714
2016-12-30,530.005178
2017-01-31,535.885577
2017-02-28,547.631035
2017-03-31,545.204389
2017-04-28,552.250337
2017-05-31,553.300413
2017-06-30,546.508401
2017-07-31,553.943295
2017-08-31,561.764223
2017-09-29,552.168997
2017-10-31,558.320881
2017-11-30,553.221828
2017-12-29,562.606907
2018-01-31,578.304289
2018-02-28,561.252692
2018-03-30,557.088105
2018-04-30,557.624724
2018-05-31,557.358114
2018-06-29,556.028779
2018-07-31,548.854305
2018-08-31,551.510303
2018-09-28,549.993445
2018-10-31,544.941636
2018-11-30,549.344411
2018-12-31,559.648705
2019-01-31,568.549523
2019-02-28,567.829131
2019-03-29,573.992863
2019-04-30,577.007243
2019-05-31,576.54093
2019-06-28,597.879171
2019-07-31,604.815502
2019-08-30,628.443764
2019-09-30,616.272318
2019-10-31,618.2435
2019-11-29,615.876089
2019-12-31,626.71452
2020-01-31,639.014725
2020-02-28,634.587341
2020-03-31,610.60918
2020-04-30,638.045968
2020-05-29,641.926996
2020-06-30,647.916026
2020-07-31,675.004881
2020-08-31,671.701347
2020-09-30,661.590042
2020-10-30,661.255021
2020-11-30,662.707285
2020-12-31,694.323554
2021-01-29,692.26027
2021-02-26,689.565566
2021-03-31,685.341113
2021-04-30,705.596422
2021-05-31,729.293361
2021-06-30,708.55384
2021-07-30,711.932219
2021-08-31,714.918811
2021-09-30,710.237514
2021-10-29,725.376326
2021-11-30,718.41902
2021-12-31,727.784966
2022-01-31,723.926082
2022-02-28,746.733902
2022-03-31,767.471633
2022-04-29,772.179618
2022-05-31,756.271698
2022-06-30,752.978135
2022-07-29,745.83167
2022-08-31,747.924871
2022-09-30,748.88172
2022-10-31,751.230603
2022-11-30,758.016493
2022-12-30,768.395777
2023-01-31,779.767056
2023-02-28,768.071775
2023-03-31,775.011736
2023-04-28,781.967213
2023-05-31,774.200705
2023-06-30,775.543043
2023-07-31,781.573679
2023-08-31,781.815246
2023-09-30,779.99566
2023-10-31,793.555643
2023-11-30,797.938123
2023-12-31,808.109825
2024-01-31,805.66718
2024-02-29,818.2763
2024-03-31,855.690683
2024-04-30,865.070449
2024-05-31,867.799297
2024-06-30,862.779345
2024-07-31,878.404126
2024-08-31,878.897727
2024-09-30,897.4425
2024-10-31,900.946349
2024-11-30,900.094354
2024-12-31,901.93847
2025-01-31,922.760539
2025-02-28,921.507182
2025-03-31,945.919654
2025-04-30,950.697897
2025-05-31,951.192019
2025-06-30,957.888644
2025-07-31,962.678239
2025-08-31,986.465538
2025-09-30,1038.254425
2025-10-31,1056.044308
2025-11-30,1085.043084
2025-12-31,1101.26709
2026-01-31,1166.308767
2026-02-28,1211.367357
2026-03-31,1157.458282
