,SocGen CTA Trend Index (Excess),"Top Down (Small, Net)","Top Down (Med, Net)",Bottom Up (Net),Trend Replication (Net)
2/7/23,2.517120775,1.146537043,0.832217356,13.09235143,249.5099858
2/8/23,2.522566997,1.145273902,0.832676156,13.13065438,250.0149288
2/9/23,2.525328092,1.148170555,0.833346873,13.20320743,251.0528613
2/10/23,2.518293366,1.148522968,0.83409043,13.09425282,249.6002144
2/13/23,2.531283932,1.149105371,0.834926339,13.22532657,251.7820938
2/14/23,2.546813737,1.152303987,0.837564134,13.31326895,252.6487778
2/15/23,2.553638249,1.152420071,0.837870661,13.374832,253.4768257
2/16/23,2.559724601,1.153527147,0.839992735,13.42958364,254.1178038
2/17/23,2.559664982,1.153291197,0.83941722,13.38125153,253.5059926
2/21/23,2.573871882,1.157385522,0.844445856,13.51115456,255.9068542
2/22/23,2.563295276,1.153931714,0.840990379,13.3706188,253.4787685
2/23/23,2.559030331,1.152348176,0.838829303,13.3015864,251.956237
2/24/23,2.564922551,1.156359032,0.838716912,13.28776186,252.2922299
2/27/23,2.574447684,1.157398424,0.840807522,13.37194916,252.658851
2/28/23,2.575860897,1.155671518,0.839629678,13.35027274,252.3602622
3/1/23,2.598491717,1.164243111,0.843958859,13.51570258,254.9342908
3/2/23,2.61119049,1.163943972,0.845604316,13.64249274,256.9916487
3/3/23,2.60745781,1.160278773,0.843923195,13.62077494,255.3201927
3/6/23,2.632002417,1.163532693,0.844484839,13.72438911,257.1435908
3/7/23,2.639115034,1.15821825,0.841437473,13.7322655,256.5602143
3/8/23,2.644570429,1.158047418,0.840707006,13.85301208,257.4266626
3/9/23,2.628920991,1.152950544,0.83848187,13.51332357,252.6089418
3/10/23,2.529106732,1.139625925,0.824136224,12.60847009,240.6571857
3/13/23,2.385978821,1.124957662,0.804345365,11.71176916,230.3216111
3/14/23,2.4223726,1.132283872,0.813004879,11.96663184,233.8678118
3/15/23,2.356013782,1.117339332,0.790678542,11.59018878,228.6723922
3/16/23,2.372105578,1.127253219,0.800463465,11.72987177,230.4662946
3/17/23,2.346022506,1.110021047,0.787788459,11.61920948,229.3685909
3/20/23,2.354420005,1.117266837,0.794812629,11.6755064,230.4974165
3/21/23,2.373150399,1.132989791,0.805451319,11.73953644,231.6785503
3/22/23,2.374337845,1.123827715,0.80399149,11.73100528,232.0394375
3/23/23,2.355641148,1.112103297,0.796933729,11.72646342,231.6157383
3/24/23,2.344155553,1.109979618,0.790844387,11.68839164,230.4242365
3/27/23,2.349061467,1.123736796,0.79999961,11.69676055,231.2436562
3/28/23,2.352898755,1.128120156,0.803215542,11.70303345,232.0181967
3/29/23,2.359752481,1.129229482,0.805481928,11.71758434,231.7771579
3/30/23,2.373106134,1.130800741,0.808413391,11.74740176,232.5853719
3/31/23,2.368063777,1.127616472,0.808553759,11.74394062,232.0990802
4/3/23,2.352397689,1.124528437,0.802417837,11.71121342,231.7617615
4/4/23,2.361067079,1.117750813,0.800406388,11.72951913,231.9812596
4/5/23,2.356380872,1.113627219,0.797782163,11.69260005,230.9914791
4/6/23,2.375103996,1.11597114,0.801732633,11.73145429,231.8949286
4/10/23,2.376104102,1.123870058,0.80492599,11.69883788,231.1961675
4/11/23,2.39623273,1.126804348,0.8087231,11.73215393,232.1622047
4/12/23,2.403861108,1.124714033,0.807802916,11.75999217,232.8875889
4/13/23,2.409500849,1.126530804,0.806756935,11.81734653,233.9319011
4/14/23,2.406394474,1.131743432,0.812812538,11.79722647,233.3863739
4/17/23,2.398538479,1.134123875,0.816784333,11.75864058,232.4948444
4/18/23,2.397975983,1.135569738,0.818539627,11.78637847,233.1368309
4/19/23,2.405333615,1.138360954,0.825260152,11.80194052,233.7308622
4/20/23,2.404204708,1.133892488,0.822261709,11.76407268,232.9579104
4/21/23,2.410956172,1.13515933,0.82438986,11.77728293,233.123716
4/24/23,2.420529484,1.135499778,0.822774756,11.78447955,233.6254018
4/25/23,2.404796377,1.122594981,0.818947535,11.68810798,231.3195041
4/26/23,2.412350189,1.127664291,0.81893287,11.69521796,231.96349
4/27/23,2.428547982,1.135046988,0.821999771,11.74739733,232.6186144
4/28/23,2.427654381,1.133287411,0.819346243,11.76469364,232.8800187
5/1/23,2.431155887,1.134657145,0.819932027,11.77137139,232.7963557
5/2/23,2.422157042,1.129716186,0.816186379,11.68743836,231.8540713
5/3/23,2.420419522,1.13016189,0.819468021,11.74433128,232.7322243
5/4/23,2.403456288,1.119742328,0.810769624,11.68369908,231.1953618
5/5/23,2.407235791,1.127632301,0.815735247,11.74992465,231.8667448
5/8/23,2.398446301,1.130599569,0.817346204,11.72530183,231.4059404
5/9/23,2.408994838,1.129742317,0.815855167,11.68583724,230.8209887
5/10/23,2.415164568,1.125714251,0.811739343,11.65136107,230.4323865
5/11/23,2.416735352,1.124411205,0.810206312,11.56208062,228.8186292
5/12/23,2.429339802,1.12568265,0.8141911,11.58140766,228.8109018
5/15/23,2.42179425,1.126466932,0.81500332,11.60152698,229.0837196
5/16/23,2.434159765,1.127805022,0.815848789,11.55635289,228.6691178
5/17/23,2.440964158,1.129588661,0.817587063,11.59713883,229.314363
5/18/23,2.452107664,1.132411139,0.823143747,11.70268778,231.0069556
5/19/23,2.466764462,1.133231866,0.82382057,11.77020502,231.608777
5/22/23,2.473395452,1.133962944,0.827188515,11.81357865,232.6839117
5/23/23,2.469571909,1.133130404,0.826294249,11.69421245,231.6893787
5/24/23,2.468631425,1.133591134,0.825585206,11.51446051,229.9685063
5/25/23,2.496902878,1.140928816,0.832673716,11.68816594,233.5094518
5/26/23,2.511362527,1.143702233,0.835827408,11.85165655,236.0685201
5/30/23,2.513494119,1.14164049,0.831399931,11.74535275,233.7279088
5/31/23,2.489391468,1.139264889,0.825920219,11.61517149,231.4734668
6/1/23,2.488910009,1.136256127,0.825825517,11.64780148,231.4212541
6/2/23,2.492829121,1.142660236,0.829836917,11.7534586,233.380051
6/5/23,2.495680249,1.14117856,0.829169551,11.71372093,232.7969936
6/6/23,2.498594983,1.143306761,0.83019379,11.75239322,233.2763564
6/7/23,2.496826628,1.143989109,0.827589164,11.66463943,232.2346439
6/8/23,2.484369136,1.145886544,0.828693067,11.66621638,232.1151149
6/9/23,2.487154079,1.149730078,0.829133312,11.73625715,233.4558112
6/12/23,2.493729862,1.154597858,0.834367177,11.87811682,235.4623277
6/13/23,2.501498115,1.158861845,0.837780968,12.01384015,237.9112623
6/14/23,2.506601332,1.1601654,0.839817788,12.07230231,238.5283268
6/15/23,2.490230024,1.159597912,0.83760184,12.0488075,238.4746843
6/16/23,2.494386989,1.161170326,0.836647372,12.10360606,239.7502367
6/20/23,2.482881897,1.15860355,0.835690216,11.87458681,236.2867088
6/21/23,2.479445722,1.156803002,0.835361024,11.84172303,236.1921875
6/22/23,2.495086811,1.164047798,0.838047769,11.92555409,238.1495841
6/23/23,2.477513615,1.160135953,0.833669017,11.69103193,234.7190605
6/26/23,2.471234086,1.157941836,0.830696333,11.61321209,233.2100928
6/27/23,2.490744744,1.165170254,0.835075173,11.81280625,236.5753379
6/28/23,2.490587444,1.15906312,0.834652982,11.82573588,235.9336221
6/29/23,2.506078383,1.17045454,0.838928757,11.90933661,238.0840419
6/30/23,2.519664193,1.172398001,0.840342626,12.02373611,239.2258514
7/3/23,2.533120338,1.176394862,0.843087117,12.08821988,240.5010471
7/5/23,2.529270968,1.178056179,0.841754178,12.02316342,240.409099
7/6/23,2.528976662,1.181269263,0.841763985,11.90444571,240.3124607
7/7/23,2.522269558,1.178632528,0.839983314,11.81204535,238.1129128
7/10/23,2.518226747,1.176176839,0.838626867,11.74352088,236.5839519
7/11/23,2.51435143,1.177764244,0.839093649,11.78590641,237.1243426
7/12/23,2.482598401,1.172738664,0.835057924,11.67354903,234.3326014
7/13/23,2.458506335,1.167999352,0.832809395,11.75421068,234.8864563
7/14/23,2.471754187,1.174514015,0.836106034,11.78432742,235.7260486
7/17/23,2.477530498,1.175258254,0.835212287,11.79666946,235.9021088
7/18/23,2.466661858,1.177037203,0.833917564,11.85933134,236.2053647
7/19/23,2.454803537,1.177183539,0.83297013,11.80225476,235.1838107
7/20/23,2.4481286,1.180542846,0.835492829,11.64184212,233.145693
7/21/23,2.456954393,1.179577621,0.834653427,11.67351814,233.6889625
7/24/23,2.456904113,1.181130636,0.833875176,11.68703441,233.8242275
7/25/23,2.455268438,1.183744155,0.835956893,11.75551967,234.6868192
7/26/23,2.46402468,1.180362849,0.832746022,11.69297025,233.961325
7/27/23,2.467879136,1.185628621,0.838794073,11.74046447,234.7698316
7/28/23,2.478148961,1.184193338,0.839796485,11.95819147,237.8103696
7/31/23,2.475563503,1.181917263,0.837472831,12.0194558,238.1890344
8/1/23,2.480832032,1.185465923,0.841584779,11.93969819,238.6834997
8/2/23,2.449719393,1.184779179,0.839541044,11.54020001,233.9158119
8/3/23,2.437593526,1.182953101,0.837875341,11.49972289,233.7472869
8/4/23,2.438204048,1.176300923,0.833787162,11.41757586,231.6721231
8/7/23,2.439068318,1.178992231,0.837306528,11.47236111,232.5888868
8/8/23,2.421907288,1.176584374,0.831604856,11.36827761,231.1772329
8/9/23,2.426178795,1.175840981,0.830963635,11.38303795,231.965408
8/10/23,2.441607997,1.177729961,0.835049532,11.47260123,233.1091084
8/11/23,2.463032334,1.180169743,0.841428833,11.49733838,234.6948696
8/14/23,2.469997586,1.185222053,0.843915713,11.55565084,235.9850857
8/15/23,2.471382967,1.181171411,0.839667767,11.47121046,234.7478701
8/16/23,2.472484848,1.179586087,0.839319293,11.46631385,234.8842584
8/17/23,2.477404767,1.175393752,0.837651794,11.43504451,234.875748
8/18/23,2.462729807,1.173415953,0.83397415,11.37882684,233.3824878
8/21/23,2.478468096,1.181637759,0.840480464,11.5101866,236.0698087
8/22/23,2.471865302,1.180356161,0.838908474,11.49831104,235.4811159
8/23/23,2.435228291,1.174522922,0.832893758,11.34842451,231.0477855
8/24/23,2.441601183,1.173613455,0.831800719,11.30879329,231.1544137
8/25/23,2.463369256,1.177726467,0.834833604,11.41420427,233.3640277
8/28/23,2.463592297,1.177682776,0.838280155,11.4449824,233.2215687
8/29/23,2.450591001,1.173837095,0.835346067,11.37039929,230.6834484
8/30/23,2.447676093,1.177896602,0.836493804,11.35731233,230.5002547
8/31/23,2.439547182,1.169282009,0.832044585,11.31353908,229.4685695
9/1/23,2.450127488,1.169594604,0.836051223,11.3794227,231.0804441
9/5/23,2.480588652,1.17863711,0.844320519,11.61035569,235.7407572
9/6/23,2.483116704,1.183477021,0.847619936,11.60372606,236.455748
9/7/23,2.476157922,1.174799091,0.842603935,11.47954758,234.3758795
9/8/23,2.483934818,1.178668035,0.842358932,11.5474025,235.614509
9/11/23,2.485028032,1.179749539,0.844941205,11.54719433,235.2562811
9/12/23,2.491071328,1.181880115,0.845219763,11.52754939,235.29766
9/13/23,2.48919059,1.18187547,0.846487148,11.55787191,235.8390139
9/14/23,2.502320748,1.186158486,0.847976382,11.71023334,238.0069671
9/15/23,2.509213768,1.185689646,0.850001213,11.67335767,237.6668179
9/18/23,2.507576254,1.186045189,0.850152512,11.62290576,237.2067982
9/19/23,2.512574656,1.189931103,0.851896384,11.65192766,237.9121269
9/20/23,2.496029952,1.18581241,0.848470859,11.55211507,236.1077239
9/21/23,2.511141273,1.192200885,0.848547745,11.5661548,237.3816383
9/22/23,2.498547482,1.190224425,0.848013003,11.52710098,236.9746071
9/25/23,2.502278298,1.198760458,0.852124838,11.63035962,239.6050891
9/26/23,2.505872328,1.199286868,0.850434933,11.61033203,240.3858451
9/27/23,2.524541841,1.211901509,0.858320849,11.90305066,245.807441
9/28/23,2.52388657,1.206135735,0.859427426,11.76664167,243.6156807
9/29/23,2.506520979,1.202837767,0.853830062,11.64638901,241.0652513
10/2/23,2.534130454,1.210026701,0.858406171,11.85295616,245.7789715
10/3/23,2.540768568,1.212194492,0.857952077,11.85105517,247.0950217
10/4/23,2.522015481,1.202833851,0.848157506,11.60731866,243.123068
10/5/23,2.493516865,1.19765338,0.842280539,11.41637331,239.8823736
10/6/23,2.494364957,1.206791423,0.847568991,11.4867937,240.6963299
10/9/23,2.468926762,1.194980081,0.840975242,11.29805661,237.2739018
10/10/23,2.456366794,1.197879049,0.843349609,11.33495974,237.0529396
10/11/23,2.44692505,1.196586602,0.841089187,11.31809872,236.3481869
10/12/23,2.466703649,1.204496052,0.848086382,11.50318456,239.8268809
10/13/23,2.459636741,1.201025919,0.848897644,11.42561715,238.568181
10/16/23,2.472324535,1.204932144,0.851355604,11.46253626,238.974022
10/17/23,2.492426888,1.214370275,0.857445675,11.58047336,241.0120454
10/18/23,2.503654568,1.217362184,0.861175104,11.60051815,242.1244432
10/19/23,2.511859165,1.217006477,0.86089264,11.57443126,241.9775539
10/20/23,2.502309545,1.209803137,0.856178843,11.45583443,240.3330443
10/23/23,2.492718909,1.200916322,0.850823681,11.3120917,237.7735304
10/24/23,2.48737609,1.205964988,0.852813759,11.351675,238.3864393
10/25/23,2.50850866,1.21333963,0.857035547,11.45830226,240.3192366
10/26/23,2.501284015,1.206548136,0.852363178,11.36320851,239.0173215
10/27/23,2.496562852,1.205148091,0.851115801,11.31309575,238.2736298
10/30/23,2.480536776,1.203181746,0.849286431,11.2194898,236.8715563
10/31/23,2.498626793,1.208210612,0.852552981,11.40068243,239.1582249
11/1/23,2.486559457,1.199851067,0.847247519,11.27033326,236.8355475
11/2/23,2.451485873,1.192815755,0.842961712,11.08201037,233.4808303
11/3/23,2.398840948,1.178593297,0.830561157,10.81914965,229.355168
11/6/23,2.409181409,1.186984746,0.838181058,10.94444961,231.2374054
11/7/23,2.412810965,1.18227434,0.834742878,10.92633603,230.7023996
11/8/23,2.402766131,1.181192744,0.833022604,10.92983024,230.5860461
11/9/23,2.418273608,1.191277481,0.837406531,10.99214987,231.6557396
11/10/23,2.437905545,1.190545946,0.840730982,11.07452772,232.7930333
11/13/23,2.436539945,1.18949359,0.841074456,11.03357945,232.2261694
11/14/23,2.387847973,1.1601949,0.820053002,10.79965905,227.7223648
11/15/23,2.382731619,1.169176182,0.82468034,10.87580412,228.9080988
11/16/23,2.386285647,1.158699768,0.817964536,10.82033833,227.5268536
11/17/23,2.382242625,1.158291344,0.816786853,10.79609774,227.1492344
11/20/23,2.375058892,1.154075176,0.815352049,10.76345827,226.723026
11/21/23,2.36692636,1.153385421,0.813340615,10.74703613,226.4732731
11/22/23,2.377337001,1.157063597,0.816279066,10.8082615,227.3776651
11/24/23,2.389930335,1.155009569,0.814359331,10.81819192,227.6311785
11/27/23,2.395106356,1.149443189,0.808343456,10.7478826,226.5236187
11/28/23,2.383498084,1.1405919,0.800963681,10.68296604,225.6429633
11/29/23,2.372039516,1.137442856,0.798205899,10.65373124,225.2230293
11/30/23,2.369459004,1.14631702,0.8019001,10.68478356,225.2759051
12/1/23,2.351711333,1.1370895,0.791640401,10.59843991,224.6402857
12/4/23,2.352122774,1.146892832,0.797811202,10.5740118,224.0599294
12/5/23,2.355759077,1.144061355,0.7945216,10.54348172,223.7443846
12/6/23,2.361003316,1.144806635,0.79345868,10.54687339,224.5018716
12/7/23,2.340683571,1.140070267,0.791580517,10.45055647,223.3370541
12/8/23,2.355223502,1.148281706,0.795952204,10.52046004,223.9016568
12/11/23,2.377183704,1.147666987,0.796852445,10.59938187,225.0052896
12/12/23,2.380856808,1.14491891,0.795090275,10.61390436,225.9575113
12/13/23,2.379957534,1.127022057,0.78062236,10.55634293,224.8070343
12/14/23,2.358739475,1.119205129,0.773374967,10.50378535,224.2707629
12/15/23,2.351187689,1.123451977,0.775082048,10.51739314,224.3577094
12/18/23,2.34953262,1.123276712,0.776532055,10.52262284,224.2252636
12/19/23,2.371191228,1.122216226,0.773147351,10.63377372,226.0759057
12/20/23,2.361760802,1.122228161,0.773118932,10.52839761,224.6142353
12/21/23,2.358935005,1.119124745,0.770234146,10.58189029,225.2773744
12/22/23,2.362419995,1.118874861,0.769852146,10.5992422,225.6298559
12/26/23,2.36580988,1.11819264,0.771088144,10.66715377,226.7528384
12/27/23,2.373787053,1.115118597,0.768598923,10.74750232,228.5288054
12/28/23,2.361991363,1.116106339,0.768512001,10.64520513,226.4408785
12/29/23,2.351387615,1.115284232,0.768564643,10.54785824,224.6474073
1/2/24,2.352424994,1.117985568,0.768978819,10.33285338,220.934087
1/3/24,2.330275395,1.120754446,0.772031345,10.19519877,218.8233104
1/4/24,2.327880376,1.124840444,0.772719252,10.16846225,218.1368093
1/5/24,2.324815961,1.124921333,0.77258938,10.15824707,217.6642559
1/8/24,2.3474938,1.125673405,0.772807802,10.26470323,219.4910952
1/9/24,2.333914763,1.125667722,0.770335861,10.23364939,218.3895202
1/10/24,2.34288708,1.129962976,0.777365522,10.32250891,219.8496239
1/11/24,2.345922725,1.127756604,0.775996942,10.30790828,219.3611584
1/12/24,2.355990654,1.124816146,0.775095479,10.34274123,219.9929279
1/16/24,2.352862152,1.128396856,0.781416055,10.31178243,218.8531043
1/17/24,2.348043243,1.129176164,0.779185988,10.23023875,216.794492
1/18/24,2.348483143,1.131048272,0.78560684,10.33803082,218.5473373
1/19/24,2.364182319,1.136507778,0.788554037,10.44399633,220.3940906
1/22/24,2.383145909,1.135695261,0.792212396,10.49403352,221.1571552
1/23/24,2.36035991,1.137007863,0.790260965,10.49213731,221.2081308
1/24/24,2.34492995,1.134962745,0.79241598,10.48856645,221.351316
1/25/24,2.357216211,1.136351069,0.792260055,10.52168229,222.1798322
1/26/24,2.368811432,1.13534136,0.792675191,10.49776513,221.7708834
1/29/24,2.386198979,1.140903326,0.794922235,10.58159537,223.4430259
1/30/24,2.378503798,1.142037883,0.794835948,10.52759306,222.9266568
1/31/24,2.36899904,1.136188579,0.791811205,10.33135293,220.1308687
2/1/24,2.382555647,1.147979474,0.799570045,10.42305025,222.3616821
2/2/24,2.397842835,1.150079817,0.802369139,10.55381218,223.399242
2/5/24,2.398223168,1.143014318,0.799039096,10.51751065,222.0551974
2/6/24,2.395523526,1.145593547,0.800888416,10.5251124,222.606227
2/7/24,2.416635218,1.148937675,0.804026955,10.61712459,223.9036469
2/8/24,2.444872118,1.14836773,0.806581733,10.74134477,225.2518898
2/9/24,2.467068768,1.150113379,0.808062253,10.81965381,226.5771517
2/12/24,2.469416237,1.149843036,0.808694986,10.84832536,227.0241998
2/13/24,2.484814396,1.142770189,0.803490505,10.75816389,225.8869397
2/14/24,2.483183459,1.146791369,0.810130761,10.85599967,227.6265259
2/15/24,2.494385315,1.149762269,0.813104752,10.92788068,228.3299244
2/16/24,2.488808907,1.14847781,0.807621047,10.84673652,226.8245589
2/20/24,2.47408061,1.145149061,0.804902798,10.76033333,225.1974136
2/21/24,2.473800364,1.146814664,0.803944086,10.73086126,223.9126184
2/22/24,2.509410043,1.157264598,0.815335007,11.10829242,229.7020182
2/23/24,2.521878836,1.15532521,0.815830091,11.10005908,229.7752851
2/26/24,2.527225202,1.155661876,0.817017569,11.0990468,229.7388114
2/27/24,2.523393343,1.15711485,0.816470315,11.12829867,230.0377847
2/28/24,2.501476541,1.156368416,0.8124133,11.05070253,228.5830733
2/29/24,2.502929704,1.156425374,0.814677882,11.11973476,229.5264161
3/1/24,2.517427243,1.162099721,0.82112816,11.2575234,231.5838999
3/4/24,2.516637037,1.16330654,0.821809979,11.23490806,231.6183691
3/5/24,2.5010097,1.157032618,0.817427833,11.0586737,228.8290095
3/6/24,2.509107461,1.160197499,0.822326364,11.14786566,230.3515477
3/7/24,2.506138213,1.159770168,0.821695037,11.2152714,231.2945702
3/8/24,2.48477775,1.152146772,0.816786156,11.04167918,228.815889
3/11/24,2.473235789,1.151934522,0.813099924,10.96166094,227.9584529
3/12/24,2.492933342,1.159604592,0.820008066,11.1679169,230.8504337
3/13/24,2.505540339,1.161488572,0.817909957,11.1985532,231.5553701
3/14/24,2.512138402,1.163216579,0.818405641,11.15595701,230.6169315
3/15/24,2.517551806,1.163024684,0.819564344,11.17837209,231.0561356
3/18/24,2.531388691,1.167915512,0.823649706,11.28230842,232.4416545
3/19/24,2.539061021,1.178459401,0.828560378,11.34624605,233.7648793
3/20/24,2.54108244,1.180017165,0.828485002,11.38511388,233.9111641
3/21/24,2.564296847,1.184979835,0.832031834,11.53260342,236.0032131
3/22/24,2.558024742,1.181814714,0.829549764,11.44499584,234.420472
3/25/24,2.566212401,1.183291986,0.830205276,11.46000192,235.1401333
3/26/24,2.578569384,1.181689541,0.829599509,11.46748624,235.0057117
3/27/24,2.593780052,1.184791348,0.830801413,11.55365188,236.3106731
3/28/24,2.59493795,1.18945051,0.832340941,11.62423077,237.8632132
4/1/24,2.60547093,1.192858621,0.833387523,11.67367946,239.014856
4/2/24,2.614561271,1.191554115,0.832337186,11.55398632,237.9860673
4/3/24,2.61041791,1.193166475,0.834936921,11.69225784,239.7999187
4/4/24,2.59990959,1.184578599,0.830500311,11.52112865,237.901175
4/5/24,2.61165104,1.195817927,0.833892077,11.62743263,240.5719197
4/8/24,2.623228595,1.197729839,0.834776914,11.72597679,241.8573123
4/9/24,2.610609435,1.195519414,0.830444205,11.62148206,240.2550125
4/10/24,2.648637275,1.203036103,0.837168189,11.7469819,242.7088596
4/11/24,2.650716492,1.205711864,0.838272814,11.7994281,244.4768048
4/12/24,2.628320244,1.199374951,0.833722285,11.65919668,242.3897407
4/15/24,2.652375731,1.201577149,0.836477556,11.74479401,244.7958093
4/16/24,2.634877065,1.203772711,0.834216008,11.60166026,243.7269032
4/17/24,2.624442067,1.19597415,0.828263303,11.43962836,239.9320932
4/18/24,2.634073966,1.199273323,0.830531982,11.52587402,241.7474779
4/19/24,2.622297826,1.196308897,0.82779998,11.46916834,241.2880846
4/22/24,2.605707215,1.199250059,0.831003911,11.40688253,239.2676879
4/23/24,2.600392648,1.200681069,0.833374758,11.50123506,240.0788435
4/24/24,2.620818379,1.204029168,0.836106542,11.54958203,241.4792401
4/25/24,2.621893927,1.206874971,0.836275652,11.54160836,241.9604119
4/26/24,2.644098102,1.212244101,0.841477532,11.84922479,246.1277129
4/29/24,2.617880353,1.204796878,0.836823152,11.72073676,243.4022663
4/30/24,2.631741603,1.210403189,0.839451001,11.64240592,243.0463376
5/1/24,2.601635588,1.201515643,0.833444235,11.45056389,240.1908812
5/2/24,2.53891161,1.191631792,0.827779701,11.23939553,236.1274385
5/3/24,2.505403934,1.187771658,0.823594807,11.26980015,235.8112823
5/6/24,2.510863406,1.190872249,0.82593513,11.42332775,238.0543688
5/7/24,2.522228067,1.192388008,0.827527377,11.5203909,239.1340663
5/8/24,2.535342165,1.196048783,0.829297211,11.54666408,239.7184809
5/9/24,2.541507991,1.19382842,0.825113503,11.60089747,240.2475896
5/10/24,2.559979689,1.197682132,0.828205664,11.71180197,242.3941538
5/13/24,2.552432351,1.197595893,0.825727365,11.70913061,241.9933624
5/14/24,2.563595856,1.194192825,0.824405104,11.78193837,242.9538219
5/15/24,2.5527394,1.186325299,0.818284653,11.82190387,243.0995963
5/16/24,2.553356591,1.19122888,0.819747661,11.781329,242.8812992
5/17/24,2.584498005,1.197159596,0.823143679,11.95074272,245.7401802
5/20/24,2.597915209,1.200776215,0.825684568,12.07163559,247.8034144
5/21/24,2.599416555,1.198558498,0.82364332,12.0242902,246.8196417
5/22/24,2.585196353,1.198753209,0.820373048,11.80997853,243.7864007
5/23/24,2.577482965,1.197741057,0.822438558,11.6940841,241.881734
5/24/24,2.584897555,1.199104583,0.822179246,11.71056585,242.2077879
5/28/24,2.60446984,1.208704401,0.828815018,11.80718811,244.2329304
5/29/24,2.597998719,1.213528685,0.832326801,11.64208281,242.774164
5/30/24,2.568632954,1.204122978,0.825168035,11.53109845,240.3783315
5/31/24,2.557590752,1.199072112,0.820256559,11.50332897,239.5202166
6/3/24,2.539827077,1.18597077,0.809732879,11.46553794,238.2232896
6/4/24,2.488637723,1.172479164,0.800032896,11.24879938,234.4538511
6/5/24,2.502259592,1.178433813,0.802472203,11.43925339,237.4385144
6/6/24,2.50852772,1.180539215,0.806170926,11.50889849,238.3892737
6/7/24,2.504959865,1.186879402,0.810385367,11.42702426,237.4575461
6/10/24,2.511954224,1.193355035,0.815178101,11.46170408,238.2095142
6/11/24,2.490655416,1.188335665,0.809603554,11.35958316,236.7132058
6/12/24,2.489396107,1.185116487,0.808442204,11.47831697,238.1233557
6/13/24,2.46324816,1.175995173,0.800582735,11.29768329,235.0133061
6/14/24,2.440718403,1.17827194,0.799433902,11.24492775,234.4514984
6/17/24,2.455574563,1.186106358,0.8029833,11.31788239,236.0182321
6/18/24,2.45778971,1.185348393,0.803150436,11.36646338,236.6317721
6/20/24,2.48058519,1.192659263,0.811461241,11.44365065,238.1585549
6/21/24,2.467372924,1.18990096,0.807933899,11.37264092,237.1773959
6/24/24,2.46565349,1.195573152,0.811790669,11.39673241,237.5670453
6/25/24,2.471419904,1.190643844,0.807119393,11.3818585,237.2555973
6/26/24,2.477681301,1.196373151,0.811713636,11.42981282,238.5163592
6/27/24,2.468684507,1.200220911,0.810515946,11.42391404,238.5952184
6/28/24,2.475842234,1.205910783,0.814224817,11.40923619,238.5714455
7/1/24,2.486452815,1.224793265,0.823988796,11.51169471,241.3347919
7/2/24,2.48634385,1.220886803,0.822685731,11.52401851,241.9117216
7/3/24,2.498092555,1.221464952,0.826790647,11.66952201,243.9470468
7/5/24,2.492929533,1.219279141,0.827334523,11.73093113,244.9899879
7/8/24,2.501311888,1.214113156,0.825003649,11.69837778,244.091482
7/9/24,2.513026948,1.216679514,0.825404718,11.66086765,244.2289965
7/10/24,2.528436537,1.221487741,0.830609165,11.89797523,247.8964856
7/11/24,2.505674058,1.210155138,0.819730572,11.62420887,241.7872883
7/12/24,2.509324861,1.207709557,0.819655367,11.68216873,242.4350187
7/15/24,2.513557619,1.208993485,0.815652025,11.62970658,242.0529342
7/16/24,2.508862995,1.212922442,0.815912093,11.66138643,242.9178892
7/17/24,2.47886512,1.20566565,0.805977349,11.38738228,237.8836519
7/18/24,2.466700035,1.205948195,0.804514564,11.31279429,236.4665469
7/19/24,2.441457666,1.198996562,0.801001229,11.1383464,233.5333647
7/22/24,2.442615262,1.202014529,0.805132463,11.23806002,235.1449131
7/23/24,2.434050737,1.195438062,0.802153732,11.17337687,234.0254506
7/24/24,2.39833241,1.184761871,0.794234835,10.95747314,230.0549965
7/25/24,2.372483838,1.180159263,0.789781898,10.88387204,228.3002767
7/26/24,2.404468012,1.182155911,0.791334807,10.98029373,229.8697133
7/29/24,2.403689876,1.179271539,0.788507259,10.97503027,229.6592778
7/30/24,2.404181367,1.174987464,0.787062809,10.95430564,229.0498239
7/31/24,2.402376921,1.182631948,0.793127128,11.03206466,230.5797708
8/1/24,2.378086675,1.170764402,0.777652506,10.89326584,228.1488804
8/2/24,2.32851198,1.153409899,0.762541392,10.73790741,224.8522821
8/5/24,2.261191063,1.134390264,0.747582715,10.57193329,221.2525408
8/6/24,2.261648352,1.140136929,0.753446926,10.5479279,221.6624773
8/7/24,2.254949631,1.141285431,0.75666832,10.51376538,221.0417175
8/8/24,2.256755886,1.15536922,0.767226196,10.54032401,222.2683348
8/9/24,2.260047898,1.157064947,0.766129716,10.56733358,222.5599745
8/12/24,2.267737743,1.163175977,0.769941196,10.58104886,223.030483
8/13/24,2.289193353,1.167571053,0.771851035,10.64533824,223.8810709
8/14/24,2.295870571,1.165656573,0.76947038,10.65274222,223.6856944
8/15/24,2.29240822,1.177386114,0.783282973,10.66422786,224.5961044
8/16/24,2.308413081,1.180130302,0.785646711,10.70978024,225.5480215
8/19/24,2.297504714,1.18195268,0.787144657,10.7596818,226.3013227
8/20/24,2.305330501,1.179905738,0.785123932,10.76910727,226.2127275
8/21/24,2.313868837,1.180226738,0.786777328,10.83070274,227.0489077
8/22/24,2.307880172,1.176191476,0.784166633,10.71781981,225.5454754
8/23/24,2.321693693,1.180540173,0.788873922,10.87227883,227.7659168
8/26/24,2.314946277,1.180412593,0.788179646,10.84064072,227.2188676
8/27/24,2.30767723,1.180093301,0.786140502,10.87624648,227.589181
8/28/24,2.30462797,1.176724669,0.785834184,10.79871043,226.2766914
8/29/24,2.289751603,1.178737042,0.786687077,10.7977949,226.3283368
8/30/24,2.283575834,1.180872569,0.789500957,10.76230334,226.3535101
9/3/24,2.268390889,1.170688419,0.782256844,10.65111484,223.7046575
9/4/24,2.279698518,1.169064824,0.781231592,10.69234661,223.7575073
9/5/24,2.287339166,1.168878021,0.781852298,10.70901733,223.9504849
9/6/24,2.285387853,1.159055771,0.773739325,10.62828545,221.6800313
9/9/24,2.292531148,1.164917602,0.780223277,10.67237638,222.7218425
9/10/24,2.309284164,1.168615987,0.780290083,10.72769901,223.5001867
9/11/24,2.306011778,1.17251924,0.786699454,10.74174737,224.2300952
9/12/24,2.30379044,1.177615869,0.787828931,10.76384652,224.7308222
9/13/24,2.319619732,1.182460011,0.790190499,10.8739149,226.5423843
9/16/24,2.332870048,1.183474528,0.793005764,10.91922036,227.1317386
9/17/24,2.319133482,1.181673572,0.791156809,10.84592807,225.8477555
9/18/24,2.307808394,1.17849666,0.78884219,10.79847653,224.8388739
9/19/24,2.31692244,1.184860737,0.793469767,10.86325632,226.4155346
9/20/24,2.31032414,1.18627571,0.79415489,10.83146923,225.6856131
9/23/24,2.312109476,1.187357387,0.795652969,10.86237703,226.1874507
9/24/24,2.325006321,1.190469901,0.798293027,10.99179105,228.5336708
9/25/24,2.303742709,1.186574736,0.795419824,10.86125794,226.204904
9/26/24,2.329615908,1.186097372,0.797973267,11.02615911,228.6970297
9/27/24,2.324034843,1.189152509,0.798560583,11.04952741,229.1971451
9/30/24,2.298357865,1.183108469,0.794516648,10.91020745,226.8171591
10/1/24,2.287859768,1.181971004,0.794920295,10.88052361,226.2760909
10/2/24,2.26933638,1.175349177,0.792264372,10.78362621,224.5328422
10/3/24,2.231162665,1.166689601,0.782279388,10.56969402,220.698216
10/4/24,2.213370613,1.15612783,0.774788289,10.43480126,218.4112228
10/7/24,2.186105747,1.145499665,0.766815989,10.29705451,215.4778722
10/8/24,2.186654352,1.15183751,0.76922435,10.27796795,215.336707
10/9/24,2.186826455,1.150621494,0.769216006,10.30557492,215.9171135
10/10/24,2.189939876,1.143609242,0.766026499,10.2973198,215.5331733
10/11/24,2.206733756,1.15067664,0.769564937,10.39403126,217.3873812
10/14/24,2.217192707,1.147663858,0.768589016,10.41829025,217.7371184
10/15/24,2.2222186,1.154154574,0.773790004,10.38898601,217.1748609
10/16/24,2.23117242,1.156266405,0.773830807,10.42198572,217.9025726
10/17/24,2.232891681,1.148482977,0.772323057,10.46371672,218.5156196
10/18/24,2.252945391,1.157115615,0.780147651,10.55233477,220.6296458
10/21/24,2.232956339,1.144890209,0.771968064,10.47079528,219.3197168
10/22/24,2.221930238,1.143142696,0.771067801,10.46084281,219.3091568
10/23/24,2.212570552,1.129517075,0.762269856,10.32583624,216.3687562
10/24/24,2.210860966,1.137820807,0.765866936,10.36696972,217.1424865
10/25/24,2.209739634,1.133688751,0.761655045,10.35643716,216.9199764
10/28/24,2.235569093,1.135693333,0.765534026,10.45165406,218.804759
10/29/24,2.240583782,1.139466756,0.765191463,10.49277082,219.5958916
10/30/24,2.219132254,1.139183841,0.759694771,10.39439961,217.463422
10/31/24,2.190852289,1.123925906,0.750887683,10.10656001,212.2480078
11/1/24,2.207532287,1.121602011,0.753241395,10.21064643,214.2527193
11/4/24,2.187945708,1.120082541,0.752365135,10.1335813,212.5164686
11/5/24,2.195580646,1.123959835,0.753811285,10.19766399,213.1998755
11/6/24,2.221993049,1.126807238,0.741821255,10.26070782,214.3349418
11/7/24,2.224127134,1.133730483,0.753252824,10.33057688,215.8316356
11/8/24,2.227964139,1.134514295,0.74837234,10.29428725,215.1196801
11/11/24,2.239206305,1.131947196,0.748565751,10.28973576,214.9202172
11/12/24,2.239599615,1.129878178,0.742134375,10.28334444,215.0184242
11/13/24,2.247028372,1.133244392,0.742543617,10.2984717,215.6462229
11/14/24,2.259822005,1.127101748,0.74481448,10.31216266,215.6050258
11/15/24,2.248199251,1.122992497,0.74061462,10.23049705,213.7184185
11/18/24,2.22924471,1.121671918,0.738671304,10.18842819,212.8826756
11/19/24,2.226669782,1.12308718,0.738809016,10.16361826,212.5069553
11/20/24,2.239873232,1.123078806,0.737718356,10.22704788,213.5908916
11/21/24,2.249770697,1.120610525,0.740864476,10.30912835,214.7635919
11/22/24,2.271760875,1.119696975,0.744005373,10.40162964,216.2818699
11/25/24,2.246333811,1.127552719,0.74688516,10.24099275,213.4508457
11/26/24,2.25554526,1.129048624,0.747697669,10.30300397,214.5959699
11/27/24,2.244885444,1.125457872,0.748491168,10.17583628,212.0750037
11/29/24,2.246924697,1.127813231,0.752929084,10.22601187,213.2830759
12/2/24,2.266379472,1.12954375,0.756616536,10.32957415,215.3048827
12/3/24,2.265830345,1.127557584,0.757876715,10.34701758,215.4811511
12/4/24,2.269522579,1.131151478,0.762095798,10.39769225,216.6685122
12/5/24,2.258420326,1.126991497,0.760745513,10.34211231,215.4647452
12/6/24,2.277613445,1.1289377,0.765895801,10.42742859,217.2592011
12/9/24,2.272318672,1.128448761,0.764116212,10.39164653,216.4436835
12/10/24,2.280083565,1.130327979,0.765227597,10.40022304,216.844571
12/11/24,2.280877725,1.136551367,0.770612483,10.54424718,219.2886313
12/12/24,2.277318507,1.134738319,0.769032754,10.4776068,218.1574584
12/13/24,2.277188353,1.133193677,0.770119189,10.48252069,217.8895698
12/16/24,2.286087628,1.133926802,0.770650334,10.49711318,218.1781104
12/17/24,2.285739784,1.133461516,0.770992243,10.50022747,218.3782222
12/18/24,2.307045201,1.132482675,0.772508673,10.48269409,218.3000177
12/19/24,2.285786287,1.132825102,0.767470154,10.43239909,217.2611877
12/20/24,2.267060756,1.131259858,0.765135359,10.33518095,215.7695299
12/23/24,2.278950979,1.134907752,0.768240004,10.49030764,218.078723
12/24/24,2.284778775,1.13794788,0.769836055,10.55780572,219.3655845
12/26/24,2.281627329,1.13794788,0.769836055,10.55780572,219.3655845
12/27/24,2.276414851,1.133282226,0.768502109,10.56213817,218.8715167
12/30/24,2.267274373,1.132390493,0.762950573,10.38289305,216.0146211
12/31/24,2.271234338,1.135793432,0.764932037,10.47211661,216.9739645
1/2/25,2.284915031,1.144234656,0.770415514,10.58317339,218.8867184
1/3/25,2.290825969,1.142655493,0.771318238,10.58811437,219.1636372
1/6/25,2.276051705,1.136673167,0.770482541,10.49383846,218.3247628
1/7/25,2.280607167,1.138646318,0.772864552,10.55517697,219.1839315
1/8/25,2.286846067,1.141004175,0.776456876,10.70945462,221.419185
1/9/25,2.288364398,1.142103063,0.778212431,10.74432367,222.1214049
1/10/25,2.303036854,1.15229375,0.78153478,10.9039841,224.4152892
1/13/25,2.29671042,1.153180071,0.780522873,10.92018606,224.6708163
1/14/25,2.282540068,1.146933562,0.776056795,10.8101364,222.8404763
1/15/25,2.272981496,1.142154131,0.77469686,10.61517466,220.3469981
1/16/25,2.268363945,1.140782782,0.774845016,10.59549198,219.9262218
1/17/25,2.278842793,1.145851664,0.77803733,10.72958988,222.2230242
1/21/25,2.256207062,1.141375915,0.772265807,10.52230079,218.8437033
1/22/25,2.269981024,1.144038961,0.773637859,10.61602203,220.3366482
1/23/25,2.274076274,1.144107974,0.772821807,10.64623716,220.936249
1/24/25,2.267689043,1.139403577,0.769502058,10.56460108,219.1701556
1/27/25,2.235414015,1.130189386,0.764290099,10.35324792,215.2445246
1/28/25,2.259629125,1.136754781,0.769517322,10.50986041,218.171911
1/29/25,2.267098884,1.138405318,0.772199108,10.56524293,219.2048836
1/30/25,2.264709409,1.137547798,0.771697522,10.6018598,219.8382706
1/31/25,2.278856855,1.144130692,0.777113705,10.64179602,220.8828532
2/3/25,2.271802378,1.150215738,0.781238805,10.56275416,220.248717
2/4/25,2.2515523,1.141818366,0.77062214,10.44456162,217.7745269
2/5/25,2.247381117,1.134560953,0.767464771,10.40220554,216.8626482
2/6/25,2.257493216,1.135669943,0.769826944,10.51842961,218.6954034
2/7/25,2.263905849,1.142518134,0.77195738,10.50070854,218.6367639
2/10/25,2.292679454,1.149470038,0.777092032,10.63403973,221.2800682
2/11/25,2.28892609,1.150728583,0.776933217,10.64313641,221.176805
2/12/25,2.303119396,1.159174927,0.783742765,10.72352968,222.9571098
2/13/25,2.292241705,1.149407444,0.779282446,10.73886112,222.9735928
2/14/25,2.261749219,1.137082344,0.770237202,10.56109424,219.5521712
2/18/25,2.292459846,1.150840314,0.778059671,10.76270477,223.2974777
2/19/25,2.282969565,1.150561515,0.775006025,10.67254172,221.686802
2/20/25,2.25435181,1.142285647,0.768814093,10.58513057,219.8922601
2/21/25,2.23166909,1.129353324,0.762182612,10.4699775,217.2513767
2/24/25,2.218403479,1.125077834,0.75962526,10.44034527,216.3432436
2/25/25,2.199177598,1.10743261,0.750546706,10.36104275,214.15322
2/26/25,2.213336844,1.104966356,0.751437133,10.45963027,215.7659178
2/27/25,2.212281176,1.104839308,0.752062088,10.41689355,214.8918561
2/28/25,2.19789152,1.104613096,0.751138116,10.41796918,215.2986203
3/3/25,2.21187737,1.090570874,0.745204539,10.52880906,216.0420733
3/4/25,2.191459508,1.078575729,0.731231385,10.29875169,211.1859855
3/5/25,2.202205506,1.073798225,0.735615313,10.44311807,213.4506808
3/6/25,2.186868796,1.067837576,0.732505171,10.45351243,213.293718
3/7/25,2.18201845,1.068393969,0.731672909,10.39949806,212.3187207
3/10/25,2.16754199,1.053414535,0.720165732,10.3282003,210.356171
3/11/25,2.164521728,1.057326904,0.719179106,10.28934783,209.8030981
3/12/25,2.164267305,1.065723997,0.725906002,10.32051429,210.6859822
3/13/25,2.166779056,1.066931296,0.725850787,10.33913204,211.3599126
3/14/25,2.168203984,1.074435203,0.732027816,10.36957413,212.0705066
3/17/25,2.161699581,1.076728607,0.731093011,10.35425147,211.7531429
3/18/25,2.176467132,1.07895626,0.733847934,10.42079689,213.0204716
3/19/25,2.184966757,1.077947981,0.734607308,10.42379248,213.1093089
3/20/25,2.179714624,1.076367884,0.732902485,10.3755107,212.2221233
3/21/25,2.167031702,1.075575919,0.732944115,10.3346301,211.6223547
3/24/25,2.165239333,1.081024439,0.735852033,10.31673563,211.3804558
3/25/25,2.177957167,1.080868052,0.737647873,10.37911806,212.4566659
3/26/25,2.165650017,1.081389579,0.738106417,10.35051706,212.0605431
3/27/25,2.165192967,1.086247285,0.741063918,10.35235917,212.2883858
3/28/25,2.160406116,1.082396105,0.736934039,10.31615257,211.433728
3/31/25,2.154171155,1.083042757,0.737231093,10.28122804,210.7826826
4/1/25,2.155144321,1.081777058,0.734613143,10.28369829,210.7647637
4/2/25,2.158361901,1.083198195,0.735456375,10.28856491,210.7948975
4/3/25,2.133133573,1.07450567,0.710436059,10.02963461,205.9752057
4/4/25,2.072630292,1.072616121,0.691802319,9.768298429,201.8340973
4/7/25,2.016590169,1.074584997,0.680596604,9.497479796,197.7730899
4/8/25,2.02590553,1.07986193,0.685831044,9.593998293,199.7034053
4/9/25,2.011201655,1.096996003,0.68835189,9.344831947,196.7161783
4/10/25,2.011651975,1.099908935,0.692247578,9.520930091,199.5456699
4/11/25,2.002319101,1.106246101,0.693593803,9.518358357,199.8185526
4/14/25,2.0059472,1.106464491,0.69534153,9.507014213,199.7570523
4/15/25,2.012459662,1.108295316,0.698281036,9.503904587,199.8849379
4/16/25,2.024281778,1.11511489,0.697322054,9.558513027,200.846899
4/17/25,2.022782402,1.115848518,0.696477119,9.522791411,200.3030246
4/21/25,2.03730476,1.117085499,0.694459713,9.617989976,201.6403722
4/22/25,2.039050038,1.118795728,0.695398069,9.567911771,200.9797951
4/23/25,2.015847252,1.111390283,0.698991429,9.491736346,199.833448
4/24/25,2.027494752,1.116627435,0.698918651,9.513546991,200.2923163
4/25/25,2.024890928,1.115774026,0.699437872,9.491279363,199.9752407
4/28/25,2.039067952,1.119232852,0.701077098,9.539439442,200.8662969
4/29/25,2.038534673,1.117858946,0.701193922,9.539559418,200.8444685
4/30/25,2.040765595,1.115724217,0.699027099,9.513575656,200.2857585
5/1/25,2.028439771,1.109614526,0.697318315,9.428039309,198.7907377
5/2/25,2.008014743,1.104371776,0.6972184,9.448205485,198.9318234
5/5/25,2.015806059,1.106748248,0.698869394,9.491459431,199.695823
5/6/25,2.022525292,1.114949194,0.701523549,9.527227377,200.5745826
5/7/25,2.025001082,1.112924906,0.700545533,9.50006479,200.0478114
5/8/25,2.007543735,1.107075441,0.698162537,9.410217257,198.3962885
5/9/25,2.008166641,1.10957377,0.699629028,9.439860833,198.9707323
5/12/25,1.973579224,1.102806448,0.696150706,9.331687207,196.9838743
5/13/25,1.976123278,1.102243908,0.69509335,9.361949787,197.3766436
5/14/25,1.968843696,1.097023047,0.691488387,9.337746429,196.7059331
5/15/25,1.972312757,1.103180054,0.696725582,9.3650671,197.5213698
5/16/25,1.978461055,1.101232671,0.69694285,9.345402187,197.1866455
5/19/25,1.98970365,1.102923106,0.697812932,9.387493197,197.9024878
5/20/25,1.986299391,1.106135378,0.700648327,9.429459031,198.7155755
5/21/25,1.98363918,1.102930058,0.698763218,9.463602978,199.0663797
5/22/25,1.981829073,1.103875928,0.697875783,9.433521832,198.5993477
5/23/25,1.987106345,1.109252003,0.703241368,9.441050069,199.0934313
5/27/25,1.991848864,1.108395619,0.704332254,9.469842177,199.5536396
5/28/25,1.987342374,1.105072687,0.701339681,9.412782924,198.475346
5/29/25,1.992103272,1.110267961,0.705338392,9.431789808,199.1219456
5/30/25,1.986587619,1.110016666,0.70559627,9.423298151,199.0200678
6/2/25,1.995330549,1.112420664,0.70730112,9.498849289,200.2642796
6/3/25,1.99246065,1.109642111,0.705735345,9.456977303,199.5044067
6/4/25,1.997845144,1.116959882,0.708809554,9.504647937,200.5396399
6/5/25,1.998209511,1.112530762,0.705401727,9.513924231,200.4077007
6/6/25,1.995759451,1.101897304,0.700767212,9.489174533,199.5195651
6/9/25,2.006322197,1.105381016,0.702125882,9.509580297,199.9933646
6/10/25,2.004759795,1.10427033,0.70193759,9.465883165,199.3321947
6/11/25,2.009872955,1.108646999,0.703696332,9.463578976,199.5040101
6/12/25,2.017040764,1.114887234,0.708354559,9.50059372,200.427762
6/13/25,1.996144041,1.114129509,0.704631726,9.443275152,199.2859087
6/16/25,2.015471132,1.113496016,0.704325977,9.502520648,200.134074
6/17/25,1.996961172,1.111024114,0.701011005,9.37273309,197.9588662
6/18/25,1.991355355,1.111151537,0.701669096,9.358761567,197.7854765
6/20/25,1.985537714,1.112498005,0.700757846,9.323704817,197.2678596
6/23/25,1.985905642,1.12175885,0.704693281,9.307679969,197.4911923
6/24/25,1.991720254,1.129068025,0.709240824,9.329193938,198.2348828
6/25/25,1.997006839,1.129835859,0.70819874,9.348299901,198.5061015
6/26/25,2.014722578,1.136412216,0.712915782,9.505299977,201.2779576
6/27/25,2.004252927,1.135193476,0.709719455,9.493368919,200.933688
6/30/25,2.016860643,1.140516692,0.713417535,9.555431404,202.1685745
7/1/25,2.017826068,1.14153669,0.712192841,9.532934218,201.7881257
7/2/25,2.014264963,1.143166849,0.712627268,9.59503152,202.7293178
7/3/25,2.013526489,1.140400816,0.714174012,9.575972321,202.3955546
7/7/25,2.015759586,1.133237487,0.708050056,9.479732755,200.6276488
7/8/25,2.023874369,1.131258512,0.707658324,9.691784155,203.6906355
7/9/25,2.025319696,1.13395954,0.708728246,9.705703439,203.9527185
7/10/25,2.015286197,1.134959143,0.711810605,9.760940895,204.9270911
7/11/25,2.019496547,1.132012288,0.71236953,9.752528661,204.8783783
7/14/25,2.012614754,1.131875653,0.71125106,9.712757731,204.2208954
7/15/25,2.007249311,1.1259998,0.707633085,9.56976957,201.8801398
7/16/25,2.009012626,1.129199955,0.708519289,9.580436781,202.1674016
7/17/25,2.020437506,1.127802641,0.707950175,9.68161546,203.4511542
7/18/25,2.019913755,1.129485361,0.708560443,9.709874102,204.0296057
7/21/25,2.038532122,1.134643156,0.713437755,9.788873097,205.5371597
7/22/25,2.0363787,1.137938722,0.715125218,9.781060621,205.7799255
7/23/25,2.057636814,1.142980742,0.71827663,9.940654296,207.7142782
7/24/25,2.049705369,1.142881124,0.716667129,9.96536928,207.8725556
7/25/25,2.041919839,1.143124294,0.713913698,9.87714807,206.4950928
7/28/25,2.032660842,1.135076603,0.710802232,9.629998534,202.8998684
7/29/25,2.036681136,1.129518659,0.710053451,9.660354259,203.017543
7/30/25,2.034050116,1.123304137,0.705985325,9.54008808,200.8151733
7/31/25,2.009447578,1.118795823,0.701203923,9.239432867,196.2624998
8/1/25,1.989509312,1.106648875,0.694765996,9.008214939,192.9463163
8/4/25,2.003628969,1.119525792,0.701625769,9.147584178,195.5562106
8/5/25,2.013900376,1.113984435,0.702146963,9.164241561,195.6358924
8/6/25,2.029055786,1.121924414,0.706808447,9.264819261,197.5544508
8/7/25,2.029578612,1.119205044,0.708966731,9.266297436,197.6073256
8/8/25,2.030826212,1.125452022,0.713206822,9.342967526,199.0760215
8/11/25,2.023225847,1.122145431,0.710880758,9.282426383,198.0077859
8/12/25,2.039885583,1.128732571,0.714687466,9.375273683,199.733839
8/13/25,2.047840325,1.129750692,0.717472343,9.413021777,200.4566543
8/14/25,2.041651174,1.130184348,0.716206579,9.386449785,199.9977735
8/15/25,2.042986437,1.130833231,0.716092764,9.399972862,200.2083362
8/18/25,2.04314725,1.129708227,0.715563546,9.380788726,199.8484345
8/19/25,2.036837935,1.1249738,0.713391638,9.340185639,199.071127
8/20/25,2.039537284,1.124561975,0.713509088,9.348428486,199.2613128
8/21/25,2.03854478,1.121644911,0.7138086,9.339424881,199.0935543
8/22/25,2.066971417,1.132570011,0.721064167,9.508284753,201.9346597
8/25/25,2.062722949,1.128300923,0.717030302,9.430137025,200.7165737
8/26/25,2.059726919,1.128566018,0.716337698,9.397742697,200.2859441
8/27/25,2.061328154,1.129983277,0.717642961,9.400218168,200.3825764
8/28/25,2.061211548,1.13451899,0.720058271,9.433502629,201.0325558
8/29/25,2.056965838,1.130618349,0.719128436,9.389145462,200.5803151
9/2/25,2.061350402,1.128581253,0.718092038,9.358660219,200.3652468
9/3/25,2.066215366,1.128677166,0.720589884,9.450174618,201.7100647
9/4/25,2.065847173,1.130386052,0.721372898,9.507474396,202.2939312
9/5/25,2.073808868,1.127129352,0.72013811,9.499073132,202.1719786
9/8/25,2.083046957,1.13022481,0.724266333,9.612943304,203.8299211
9/9/25,2.079695471,1.131769605,0.723631123,9.580848466,203.4041677
9/10/25,2.095039077,1.134269891,0.726421156,9.615141497,204.0607891
9/11/25,2.109416919,1.136060937,0.730285147,9.744247443,205.7598378
9/12/25,2.112513427,1.137700115,0.73110046,9.764141149,206.1764989
9/15/25,2.133192408,1.142680476,0.73409275,9.870403636,207.7008545
9/16/25,2.130223075,1.145429894,0.73394581,9.841027265,207.8225719
9/17/25,2.111758973,1.143841692,0.731223887,9.740295314,206.1732981
9/18/25,2.121609027,1.143470655,0.733993384,9.809765981,206.5669755
9/19/25,2.121499709,1.145649309,0.735375915,9.841551973,207.1091536
9/22/25,2.147448812,1.152551576,0.739687773,10.0107819,209.8128189
9/23/25,2.152412122,1.152986021,0.740673602,10.02724944,210.2344971
9/24/25,2.147876337,1.151517354,0.741632881,9.942725233,208.9944122
9/25/25,2.136547107,1.148565349,0.740789319,9.875555553,208.1940071
9/26/25,2.151900329,1.155415028,0.746466836,10.06498083,211.1068873
9/29/25,2.159021936,1.155854869,0.746810017,10.1138888,211.6118929
9/30/25,2.165132814,1.156480233,0.746067304,10.13679968,211.7617935
10/1/25,2.17180238,1.15876318,0.747418953,10.29092872,213.5271711
10/2/25,2.166299418,1.155687417,0.745292764,10.22597884,211.7991591
10/3/25,2.186800027,1.15865248,0.751071618,10.43884175,214.6212648
10/6/25,2.20037839,1.169809944,0.758301805,10.65731443,216.9749739
10/7/25,2.197999576,1.170220536,0.754516977,10.5531667,215.9918992
10/8/25,2.222701041,1.180958098,0.761170982,10.80067782,219.2324873
10/9/25,2.21510273,1.169497363,0.75486515,10.59566604,215.6879526
10/10/25,2.1793312,1.147233232,0.740359067,10.14948842,211.1590117
10/13/25,2.214914722,1.168447805,0.75349556,10.47024154,216.1496021
10/14/25,2.205615097,1.168487831,0.75335931,10.48733739,216.37941
10/15/25,2.223741039,1.172892944,0.756948226,10.55841476,217.6305336
10/16/25,2.241362806,1.172506717,0.758830805,10.62540119,218.7428598
10/17/25,2.206460701,1.171887278,0.754919609,10.47025208,216.1806784
10/20/25,2.229684604,1.183961242,0.763012265,10.64246782,219.5017766
10/21/25,2.218468534,1.172302316,0.755886173,10.51298719,216.7681106
10/22/25,2.204927421,1.168500009,0.754464748,10.49998488,216.4470988
10/23/25,2.205582339,1.178725591,0.763422025,10.5797521,218.3333023
10/24/25,2.210709219,1.182095299,0.766043705,10.62668422,219.2098023
10/27/25,2.210963648,1.183081015,0.768562598,10.65458644,219.7509737
10/28/25,2.20287143,1.182028161,0.768005403,10.68161444,220.089316
10/29/25,2.201408066,1.180297889,0.768281496,10.66846146,219.8622659
10/30/25,2.196695985,1.174886224,0.767133265,10.62797299,219.0774295
10/31/25,2.187851766,1.175817933,0.765484688,10.61175116,218.7999356
11/3/25,2.194031031,1.177335088,0.767583728,10.6201152,219.0531672
11/4/25,2.170346874,1.168948631,0.760879408,10.50119198,216.8165618
11/5/25,2.174671197,1.170427511,0.764537932,10.56688064,217.9649764
11/6/25,2.176654355,1.165815783,0.759343743,10.46642731,216.1644498
11/7/25,2.175627238,1.167856535,0.756490325,10.43172167,215.598146
11/10/25,2.212942515,1.179760878,0.769352071,10.62949348,219.3380453
11/11/25,2.229459582,1.182633714,0.772997071,10.72390703,220.9370443
11/12/25,2.240484043,1.186493129,0.778120535,10.77975952,222.0731831
11/13/25,2.224795958,1.177185524,0.77223548,10.60739042,219.0746924
11/14/25,2.192137725,1.171323867,0.766809044,10.50986261,217.2707432
11/17/25,2.189301864,1.165537314,0.760891923,10.45182239,216.0201849
11/18/25,2.173242596,1.161941636,0.753850844,10.36429783,214.3532846
11/19/25,2.183239331,1.163590882,0.752522124,10.38945441,214.7082933
11/20/25,2.184712063,1.157955178,0.752658856,10.34194306,213.8730367
11/21/25,2.163471453,1.161840285,0.753032888,10.32756292,213.7914473
11/24/25,2.177299222,1.174577777,0.756725818,10.40244877,215.386799
11/25/25,2.186972602,1.184128288,0.762899925,10.43240164,216.3539568
11/26/25,2.20364587,1.192167256,0.771909392,10.52551883,218.3111522
11/28/25,2.21311788,1.194568438,0.777780904,10.58704134,219.5229034
12/1/25,2.21017382,1.185032863,0.774678095,10.53310301,218.3532004
12/2/25,2.205310042,1.185691512,0.775347056,10.53554872,218.4404528
12/3/25,2.212412725,1.189751955,0.778603176,10.5445628,218.8137997
12/4/25,2.219773205,1.186393174,0.778442394,10.56021134,218.9422982
12/5/25,2.208751421,1.186663244,0.779509447,10.57390568,219.1945667
12/8/25,2.197586025,1.184699241,0.776839376,10.53207681,218.4255515
12/9/25,2.196091982,1.189372875,0.778985853,10.56637342,219.1466658
12/10/25,2.201459922,1.191686686,0.779133333,10.59567672,219.6515762
12/11/25,2.221010281,1.201316914,0.785599334,10.68916189,221.5524838
12/12/25,2.207505691,1.197084488,0.781034104,10.55547037,219.2855549
12/15/25,2.217588901,1.195801962,0.784833782,10.60727087,220.180026
12/16/25,2.209259847,1.193053149,0.779810944,10.51406455,218.5613799
12/17/25,2.217081174,1.194558798,0.782390179,10.56249645,219.3893468
12/18/25,2.220767773,1.196173415,0.786447906,10.61904001,220.4450022
12/19/25,2.242392174,1.203569578,0.790824977,10.795902,223.3853024
12/22/25,2.253426413,1.216310902,0.793345136,10.84894585,224.6071244
12/23/25,2.25446417,1.22326055,0.796979179,10.9054149,225.7795255
12/24/25,2.249111214,1.224207664,0.796028565,10.90723017,225.7799981
12/26/25,2.265977604,1.224207664,0.796028565,10.90723017,225.7799981
12/29/25,2.23470605,1.205990641,0.790746755,10.80714804,223.8892244
12/30/25,2.259446133,1.209430972,0.797128534,11.01265513,227.2272585
12/31/25,2.249288606,1.201156847,0.791506043,10.82686441,224.0735191
1/2/26,2.272104309,1.198500289,0.792468157,10.87323198,224.7227197
1/5/26,2.303593487,1.209746793,0.80404676,11.10072844,228.8195363
1/6/26,2.32767351,1.211767236,0.807429279,11.22236935,230.7770465
1/7/26,2.301450078,1.20684809,0.80151418,11.09908039,228.6105885
1/8/26,2.288499511,1.208584725,0.801984794,11.03731332,227.7917455
1/9/26,2.316425986,1.214166614,0.811523829,11.22722466,231.101863
1/12/26,2.335576637,1.222791447,0.817984736,11.35583687,233.4806819
1/13/26,2.343961252,1.223390079,0.816628034,11.35581028,233.4410519
1/14/26,2.352719974,1.220301873,0.818264259,11.38707103,233.8746974
1/15/26,2.35992598,1.21879585,0.821790451,11.41748125,234.4213946
1/16/26,2.335744823,1.214817775,0.817604981,11.31274609,232.6326622
1/19/26,2.33520452,1.21426191,0.814693773,11.26460025,231.8223253
1/20/26,2.325587235,1.211926366,0.814900883,11.16682238,230.4349383
1/21/26,2.338655301,1.226359841,0.818121277,11.24946031,232.1912657
1/22/26,2.356755315,1.235001521,0.827002941,11.40069537,235.0015341
1/23/26,2.367203315,1.231756366,0.828503512,11.41192068,235.1392319
1/26/26,2.37532013,1.235880134,0.83303227,11.51954988,237.0057568
1/27/26,2.382771385,1.23343817,0.83346244,11.55415302,237.4431436
1/28/26,2.395286998,1.2468168,0.837680692,11.67089984,239.68741
1/29/26,2.402610184,1.246791219,0.839955228,11.66486098,239.8144205
1/30/26,2.348367818,1.21307844,0.823559816,11.15934809,230.9307932
2/2/26,2.334124174,1.210606782,0.827358059,11.17602467,231.3041127
2/3/26,2.367076987,1.218953423,0.834020739,11.30484105,233.6895422
2/4/26,2.369376914,1.216963567,0.835895014,11.33413581,234.1355528
2/5/26,2.328802574,1.209500121,0.827237845,11.13666069,230.7035787
2/6/26,2.361027552,1.222097501,0.838388989,11.30852526,234.0253976
,,,,,
,,,,,